answer_id,timestamp,prefecture,serials_nagoya1,serials_nagoya2,serials_kobe1,serials_kobe2,serials_saitama1,serials_saitama2,tickets_nagoya1,tickets_nagoya2,tickets_kobe1,tickets_kobe2,tickets_saitama1,tickets_saitama2
0,2017/04/29 8:23:07 午後 GMT+9,東京都,5,5,5,5,5,5,0,0,0,0,2,0
1,2017/04/29 8:23:24 午後 GMT+9,茨城県,1,2,0,0,3,3,0,0,0,0,0,2
2,2017/04/29 8:23:37 午後 GMT+9,神奈川県,6,6,7,7,0,0,0,0,0,0,0,0
3,2017/04/29 8:23:56 午後 GMT+9,神奈川県,10,10,13,13,10,10,0,0,0,0,0,2
4,2017/04/29 8:24:00 午後 GMT+9,埼玉県,0,0,0,0,1,1,0,0,0,0,0,2
5,2017/04/29 8:24:15 午後 GMT+9,東京都,0,0,0,0,1,1,0,0,0,0,2,0
6,2017/04/29 8:24:45 午後 GMT+9,千葉県,1,1,0,0,1,1,0,0,0,0,1,0
7,2017/04/29 8:25:18 午後 GMT+9,静岡県,7,7,0,0,0,0,0,0,0,0,0,0
8,2017/04/29 8:25:18 午後 GMT+9,東京都,2,2,2,2,2,2,0,0,0,0,2,0
9,2017/04/29 8:25:26 午後 GMT+9,大阪府,1,1,3,3,2,2,0,0,0,0,1,0
10,2017/04/29 8:25:28 午後 GMT+9,,0,0,0,0,2,2,0,0,0,0,0,2
11,2017/04/29 8:26:34 午後 GMT+9,愛知県,3,3,1,1,1,1,0,2,0,0,2,0
12,2017/04/29 8:27:02 午後 GMT+9,滋賀県,0,0,1,1,0,0,0,0,0,0,0,0
13,2017/04/29 8:27:04 午後 GMT+9,京都府,3,3,1,1,3,3,2,0,0,0,2,0
14,2017/04/29 8:27:15 午後 GMT+9,埼玉県,5,5,3,3,2,2,0,2,0,0,0,2
15,2017/04/29 8:27:46 午後 GMT+9,,20,20,10,10,10,10,0,2,0,2,0,2
16,2017/04/29 8:28:17 午後 GMT+9,京都府,0,0,3,3,0,0,0,0,0,0,0,0
17,2017/04/29 8:28:21 午後 GMT+9,北海道,1,0,0,1,0,1,0,0,0,0,0,2
18,2017/04/29 8:28:27 午後 GMT+9,東京都,0,0,0,0,1,1,0,0,0,0,0,2
19,2017/04/29 8:28:49 午後 GMT+9,静岡県,2,2,2,2,2,2,0,0,0,0,2,0
20,2017/04/29 8:30:02 午後 GMT+9,福井県,1,1,1,1,0,0,0,0,1,0,0,0
21,2017/04/29 8:30:20 午後 GMT+9,東京都,0,0,0,0,3,3,0,0,0,0,2,0
22,2017/04/29 8:30:21 午後 GMT+9,神奈川県,1,1,1,1,1,1,0,2,0,0,0,2
23,2017/04/29 8:30:35 午後 GMT+9,岐阜県,0,0,0,0,1,0,0,0,0,0,2,0
24,2017/04/29 8:30:38 午後 GMT+9,埼玉県,1,1,1,1,3,3,0,0,0,0,2,2
25,2017/04/29 8:30:53 午後 GMT+9,東京都,1,1,1,1,2,2,0,0,0,0,2,0
26,2017/04/29 8:32:09 午後 GMT+9,群馬県,0,1,0,0,1,1,0,0,0,0,1,0
27,2017/04/29 8:32:17 午後 GMT+9,大阪府,8,0,13,0,0,5,0,0,0,0,0,2
28,2017/04/29 8:32:27 午後 GMT+9,奈良県,0,0,1,1,0,0,0,0,0,1,0,0
29,2017/04/29 8:33:03 午後 GMT+9,東京都,0,0,0,0,8,8,0,0,0,0,2,0
30,2017/04/29 8:33:32 午後 GMT+9,愛知県,3,3,0,0,0,0,2,0,0,0,0,0
31,2017/04/29 8:34:28 午後 GMT+9,栃木県,5,5,5,5,4,4,0,0,0,0,2,0
32,2017/04/29 8:34:34 午後 GMT+9,大阪府,4,4,15,15,9,9,0,0,0,0,2,0
33,2017/04/29 8:35:25 午後 GMT+9,神奈川県,2,1,1,1,2,3,0,0,2,0,0,2
34,2017/04/29 8:36:52 午後 GMT+9,,0,5,0,5,3,0,0,0,0,0,2,0
35,2017/04/29 8:37:20 午後 GMT+9,京都府,0,0,1,1,0,0,0,0,0,0,0,0
36,2017/04/29 8:38:08 午後 GMT+9,千葉県,1,1,1,1,1,1,0,0,0,0,2,0
37,2017/04/29 8:38:10 午後 GMT+9,三重県,8,8,1,1,0,6,0,2,0,0,0,2
38,2017/04/29 8:39:16 午後 GMT+9,東京都,0,0,0,0,8,8,0,0,0,0,0,2
39,2017/04/29 8:39:43 午後 GMT+9,千葉県,1,1,1,1,1,1,0,0,0,0,0,2
40,2017/04/29 8:40:46 午後 GMT+9,東京都,2,2,0,0,2,2,0,0,0,0,0,0
41,2017/04/29 8:42:00 午後 GMT+9,,5,0,0,0,0,0,2,0,0,0,0,0
42,2017/04/29 8:42:18 午後 GMT+9,東京都,6,6,0,0,0,0,2,0,0,0,0,0
43,2017/04/29 8:42:19 午後 GMT+9,北海道,1,1,0,0,1,1,0,2,0,0,0,2
44,2017/04/29 8:42:28 午後 GMT+9,山口県,0,0,0,5,0,0,0,0,0,0,0,0
45,2017/04/29 8:42:51 午後 GMT+9,東京都,0,0,6,6,0,0,0,0,0,0,0,0
46,2017/04/29 8:43:12 午後 GMT+9,山口県,0,0,0,0,0,3,0,0,0,0,0,2
47,2017/04/29 8:43:16 午後 GMT+9,千葉県,0,0,1,1,0,0,0,0,0,0,0,0
48,2017/04/29 8:43:30 午後 GMT+9,東京都,0,0,0,0,4,4,0,0,0,0,0,1
49,2017/04/29 8:43:31 午後 GMT+9,,0,1,0,0,0,2,0,0,0,0,0,2
50,2017/04/29 8:43:42 午後 GMT+9,長野県,1,0,0,0,0,0,2,0,0,0,0,0
51,2017/04/29 8:43:53 午後 GMT+9,埼玉県,4,4,0,0,4,4,0,2,0,0,0,2
52,2017/04/29 8:44:02 午後 GMT+9,東京都,1,1,1,1,1,1,2,0,0,0,0,2
53,2017/04/29 8:44:06 午後 GMT+9,千葉県,0,0,0,0,0,1,0,0,0,0,0,1
54,2017/04/29 8:44:33 午後 GMT+9,東京都,5,5,1,1,1,1,0,0,0,2,2,0
55,2017/04/29 8:46:30 午後 GMT+9,東京都,0,0,0,0,3,3,0,0,0,0,2,0
56,2017/04/29 8:46:38 午後 GMT+9,,3,3,1,1,1,1,0,0,0,1,0,1
57,2017/04/29 8:46:52 午後 GMT+9,,1,1,1,1,0,0,0,0,0,2,0,0
58,2017/04/29 8:47:41 午後 GMT+9,茨城県,2,2,2,2,6,6,0,0,0,0,0,2
59,2017/04/29 8:48:28 午後 GMT+9,,7,7,0,0,0,0,2,0,0,0,0,0
60,2017/04/29 8:49:13 午後 GMT+9,東京都,1,1,0,0,1,1,0,0,0,0,2,0
61,2017/04/29 8:49:28 午後 GMT+9,神奈川県,0,0,0,0,2,2,0,0,0,0,2,0
62,2017/04/29 8:50:24 午後 GMT+9,茨城県,1,1,0,0,2,2,0,2,0,0,0,2
63,2017/04/29 8:51:24 午後 GMT+9,東京都,2,2,0,0,4,4,2,0,0,0,0,2
64,2017/04/29 8:52:05 午後 GMT+9,栃木県,1,1,1,1,4,4,0,0,0,1,1,0
65,2017/04/29 8:53:31 午後 GMT+9,東京都,0,0,0,0,0,1,0,0,0,0,0,2
66,2017/04/29 8:53:34 午後 GMT+9,埼玉県,0,6,0,0,3,3,0,0,0,0,1,0
67,2017/04/29 8:54:17 午後 GMT+9,埼玉県,1,1,1,1,5,5,0,0,0,0,0,2
68,2017/04/29 8:55:25 午後 GMT+9,埼玉県,0,0,0,0,2,0,0,0,0,0,2,0
69,2017/04/29 8:55:58 午後 GMT+9,兵庫県,0,0,3,3,0,0,0,0,0,0,0,0
70,2017/04/29 8:57:46 午後 GMT+9,長野県,0,0,0,0,1,1,0,0,0,0,0,2
71,2017/04/29 9:00:06 午後 GMT+9,群馬県,0,0,0,0,1,1,0,0,0,0,0,0
72,2017/04/29 9:00:18 午後 GMT+9,東京都,1,1,1,1,1,1,0,2,0,0,2,0
73,2017/04/29 9:00:34 午後 GMT+9,,3,3,1,1,1,1,0,0,2,0,2,0
74,2017/04/29 9:00:47 午後 GMT+9,千葉県,4,4,3,3,4,4,0,0,2,0,0,2
75,2017/04/29 9:01:27 午後 GMT+9,神奈川県,2,2,1,1,4,4,0,0,0,0,0,2
76,2017/04/29 9:01:42 午後 GMT+9,東京都,3,3,3,3,3,3,2,0,2,0,0,2
77,2017/04/29 9:02:18 午後 GMT+9,東京都,5,5,4,4,5,5,2,0,0,0,0,2
78,2017/04/29 9:02:47 午後 GMT+9,千葉県,3,3,0,0,3,3,2,0,0,0,0,2
79,2017/04/29 9:04:39 午後 GMT+9,埼玉県,0,0,0,0,0,0,0,0,0,0,0,0
80,2017/04/29 9:05:06 午後 GMT+9,神奈川県,0,0,2,2,2,2,0,0,0,0,2,0
81,2017/04/29 9:05:22 午後 GMT+9,東京都,1,1,1,1,0,1,0,2,0,2,0,2
82,2017/04/29 9:06:07 午後 GMT+9,北海道,0,0,0,0,2,2,0,0,0,0,2,0
83,2017/04/29 9:09:46 午後 GMT+9,神奈川県,1,1,0,0,0,0,0,0,0,0,0,0
84,2017/04/29 9:10:22 午後 GMT+9,神奈川県,0,0,1,1,0,0,0,0,0,0,0,0
85,2017/04/29 9:10:28 午後 GMT+9,神奈川県,7,7,3,3,3,3,0,2,0,0,0,2
86,2017/04/29 9:10:38 午後 GMT+9,神奈川県,4,4,2,2,3,3,0,0,0,0,0,2
87,2017/04/29 9:10:42 午後 GMT+9,石川県,5,5,2,2,3,3,2,0,0,0,0,2
88,2017/04/29 9:10:56 午後 GMT+9,神奈川県,0,0,0,0,1,1,0,0,0,0,2,0
89,2017/04/29 9:11:04 午後 GMT+9,神奈川県,2,2,2,2,0,0,2,0,0,0,0,0
90,2017/04/29 9:11:15 午後 GMT+9,埼玉県,0,0,0,0,3,3,0,0,0,0,0,2
91,2017/04/29 9:13:04 午後 GMT+9,東京都,0,0,0,0,1,1,0,0,0,0,0,2
92,2017/04/29 9:13:30 午後 GMT+9,東京都,1,1,1,1,1,1,0,2,0,0,2,0
93,2017/04/29 9:14:41 午後 GMT+9,埼玉県,0,0,0,0,2,2,0,0,0,0,0,2
94,2017/04/29 9:17:01 午後 GMT+9,東京都,5,5,5,5,5,5,0,0,2,0,0,2
95,2017/04/29 9:17:10 午後 GMT+9,東京都,1,0,1,0,1,1,0,0,0,0,2,0
96,2017/04/29 9:19:16 午後 GMT+9,愛知県,1,1,0,0,0,0,0,0,0,0,0,0
97,2017/04/29 9:20:31 午後 GMT+9,愛知県,0,0,2,2,2,2,0,0,0,0,2,0
98,2017/04/29 9:20:49 午後 GMT+9,千葉県,1,1,1,1,1,1,2,0,0,0,2,0
99,2017/04/29 9:21:41 午後 GMT+9,静岡県,1,1,1,1,1,1,0,0,0,0,0,2
100,2017/04/29 9:21:47 午後 GMT+9,愛知県,6,6,2,2,4,4,0,2,0,0,2,0
101,2017/04/29 9:22:21 午後 GMT+9,神奈川県,0,2,0,1,0,2,0,0,0,0,0,2
102,2017/04/29 9:22:27 午後 GMT+9,埼玉県,3,3,7,7,6,6,0,0,0,0,2,0
103,2017/04/29 9:23:08 午後 GMT+9,茨城県,0,3,0,3,0,3,0,2,0,0,0,2
104,2017/04/29 9:23:16 午後 GMT+9,東京都,2,2,3,3,8,8,0,0,0,0,0,1
105,2017/04/29 9:23:33 午後 GMT+9,静岡県,1,1,0,0,1,1,0,0,0,0,2,0
106,2017/04/29 9:23:50 午後 GMT+9,愛知県,3,3,3,3,2,2,0,0,0,0,2,0
107,2017/04/29 9:24:30 午後 GMT+9,静岡県,1,1,1,1,1,1,0,0,0,0,1,0
108,2017/04/29 9:26:37 午後 GMT+9,愛知県,1,1,1,1,1,1,0,0,0,0,2,0
109,2017/04/29 9:28:46 午後 GMT+9,愛知県,1,1,2,0,0,4,0,0,0,0,0,1
110,2017/04/29 9:29:18 午後 GMT+9,大阪府,0,0,1,0,0,0,0,0,0,0,0,0
111,2017/04/29 9:31:47 午後 GMT+9,愛知県,1,1,1,1,1,1,0,1,0,0,0,1
112,2017/04/29 9:38:10 午後 GMT+9,宮城県,10,10,10,10,10,10,0,0,0,0,0,0
113,2017/04/29 9:38:46 午後 GMT+9,富山県,1,1,3,3,1,1,0,0,0,0,2,0
114,2017/04/29 9:38:50 午後 GMT+9,大阪府,2,2,3,3,5,5,0,0,0,0,2,0
115,2017/04/29 9:38:59 午後 GMT+9,宮城県,10,10,0,0,10,10,0,0,0,0,0,2
116,2017/04/29 9:39:50 午後 GMT+9,東京都,3,3,1,1,3,3,0,1,0,0,1,0
117,2017/04/29 9:40:04 午後 GMT+9,新潟県,0,0,0,0,0,1,0,0,0,0,0,2
118,2017/04/29 9:40:45 午後 GMT+9,埼玉県,0,0,0,0,6,6,0,0,0,0,2,0
119,2017/04/29 9:41:08 午後 GMT+9,埼玉県,0,0,0,0,1,1,0,0,0,0,0,2
120,2017/04/29 9:41:11 午後 GMT+9,埼玉県,0,0,0,0,1,1,0,0,0,0,0,1
121,2017/04/29 9:41:45 午後 GMT+9,埼玉県,1,1,4,4,4,4,0,0,0,2,2,0
122,2017/04/29 9:42:39 午後 GMT+9,神奈川県,1,1,1,1,1,1,0,0,0,0,0,0
123,2017/04/29 9:42:59 午後 GMT+9,神奈川県,0,0,0,0,1,1,0,0,0,0,0,2
124,2017/04/29 9:49:39 午後 GMT+9,東京都,1,1,1,1,3,3,0,0,0,0,0,2
125,2017/04/29 9:49:55 午後 GMT+9,東京都,0,0,0,0,1,1,0,0,0,0,2,0
126,2017/04/29 9:50:46 午後 GMT+9,静岡県,1,1,0,0,2,2,0,0,0,0,1,0
127,2017/04/29 9:51:03 午後 GMT+9,栃木県,0,0,0,0,0,1,0,0,0,0,0,1
128,2017/04/29 9:51:22 午後 GMT+9,東京都,8,8,1,1,4,4,0,0,0,0,0,2
129,2017/04/29 9:53:29 午後 GMT+9,三重県,2,2,0,0,2,2,0,0,0,0,2,0
130,2017/04/29 9:54:07 午後 GMT+9,東京都,1,1,1,1,1,1,0,0,0,0,1,0
131,2017/04/29 9:54:56 午後 GMT+9,埼玉県,0,0,0,0,1,1,0,0,0,0,2,0
132,2017/04/29 9:56:14 午後 GMT+9,東京都,7,7,4,4,4,4,2,0,0,0,0,2
134,2017/04/29 9:59:27 午後 GMT+9,三重県,7,7,6,6,4,4,0,0,0,0,0,2
135,2017/04/29 10:00:41 午後 GMT+9,愛知県,1,0,0,0,0,0,2,0,0,0,0,0
136,2017/04/29 10:02:17 午後 GMT+9,千葉県,1,1,0,0,1,1,2,0,0,0,0,2
137,2017/04/29 10:02:45 午後 GMT+9,東京都,1,1,1,1,1,1,0,2,0,0,0,2
138,2017/04/29 10:03:01 午後 GMT+9,千葉県,2,2,8,8,7,7,0,0,0,0,2,0
139,2017/04/29 10:05:25 午後 GMT+9,神奈川県,8,8,5,5,9,9,0,0,0,0,2,0
140,2017/04/29 10:12:06 午後 GMT+9,神奈川県,0,0,1,1,0,0,0,0,2,0,0,0
141,2017/04/29 10:14:18 午後 GMT+9,東京都,2,2,2,2,1,1,0,2,0,0,2,0
142,2017/04/29 10:19:28 午後 GMT+9,,4,4,1,1,7,7,0,0,0,0,2,0
143,2017/04/29 10:21:27 午後 GMT+9,,0,2,0,2,0,2,0,2,0,2,0,2
144,2017/04/29 10:22:40 午後 GMT+9,神奈川県,0,0,0,0,3,3,0,0,0,0,1,0
145,2017/04/29 10:24:13 午後 GMT+9,岐阜県,4,4,4,4,2,2,0,2,0,0,2,0
146,2017/04/29 10:25:32 午後 GMT+9,神奈川県,1,1,1,1,4,4,0,0,1,0,0,1
147,2017/04/29 10:25:38 午後 GMT+9,愛知県,3,3,0,0,0,0,0,0,0,0,0,0
148,2017/04/29 10:27:10 午後 GMT+9,大阪府,4,4,4,4,4,4,0,0,2,0,0,2
149,2017/04/29 10:27:34 午後 GMT+9,大阪府,3,3,3,3,3,3,0,0,0,0,0,0
150,2017/04/29 10:31:13 午後 GMT+9,茨城県,0,0,0,0,0,2,0,0,0,0,0,2
151,2017/04/29 10:31:45 午後 GMT+9,愛知県,1,1,1,1,1,1,0,0,0,0,2,0
152,2017/04/29 10:32:27 午後 GMT+9,栃木県,1,1,1,1,2,2,0,0,0,0,0,0
153,2017/04/29 10:33:19 午後 GMT+9,神奈川県,3,3,0,0,3,3,1,0,0,0,1,0
154,2017/04/29 10:34:40 午後 GMT+9,静岡県,1,1,0,0,0,0,1,0,0,0,0,0
155,2017/04/29 10:35:25 午後 GMT+9,宮城県,0,0,0,0,4,6,0,0,0,0,0,2
156,2017/04/29 10:36:18 午後 GMT+9,埼玉県,0,0,0,0,1,1,0,0,0,0,0,1
157,2017/04/29 10:37:37 午後 GMT+9,長野県,15,15,10,10,10,10,0,0,1,1,1,2
158,2017/04/29 10:41:09 午後 GMT+9,神奈川県,5,5,0,0,1,1,0,0,0,0,0,1
159,2017/04/29 10:47:36 午後 GMT+9,,1,1,1,1,1,1,0,0,0,0,2,0
160,2017/04/29 10:50:05 午後 GMT+9,京都府,2,2,2,2,2,2,0,0,0,0,0,2
161,2017/04/29 10:52:39 午後 GMT+9,東京都,1,1,1,1,1,1,0,0,0,0,1,0
162,2017/04/29 10:53:07 午後 GMT+9,岩手県,0,0,0,0,1,0,0,0,0,0,2,0
163,2017/04/29 10:55:49 午後 GMT+9,東京都,4,4,5,5,5,5,0,0,0,2,2,0
164,2017/04/29 10:57:19 午後 GMT+9,兵庫県,2,2,0,0,1,1,2,0,0,0,0,0
165,2017/04/29 11:01:22 午後 GMT+9,神奈川県,0,0,0,0,1,1,0,0,0,0,0,2
166,2017/04/29 11:03:26 午後 GMT+9,東京都,2,2,4,4,6,6,0,0,0,0,0,2
167,2017/04/29 11:07:41 午後 GMT+9,岐阜県,0,0,0,0,0,0,0,0,0,0,0,0
168,2017/04/29 11:08:56 午後 GMT+9,東京都,3,3,3,3,4,4,0,0,0,2,2,0
169,2017/04/29 11:11:33 午後 GMT+9,東京都,7,7,7,7,6,6,0,0,0,0,0,2
170,2017/04/29 11:15:42 午後 GMT+9,東京都,0,0,0,0,1,1,0,0,0,0,0,2
171,2017/04/29 11:19:41 午後 GMT+9,愛知県,2,2,2,2,2,2,0,0,0,0,2,0
172,2017/04/29 11:27:04 午後 GMT+9,,5,5,5,5,5,5,0,2,0,0,2,0
173,2017/04/29 11:31:43 午後 GMT+9,神奈川県,2,2,2,2,2,2,0,0,0,0,2,0
174,2017/04/29 11:32:00 午後 GMT+9,広島県,7,7,7,7,8,8,0,0,0,0,2,0
175,2017/04/29 11:37:47 午後 GMT+9,神奈川県,5,5,3,3,5,5,0,2,0,0,0,0
176,2017/04/29 11:41:21 午後 GMT+9,大阪府,1,1,0,0,0,0,0,0,0,0,0,0
177,2017/04/29 11:42:22 午後 GMT+9,愛知県,1,1,1,1,0,0,0,2,0,0,0,0
178,2017/04/29 11:43:19 午後 GMT+9,埼玉県,1,1,1,1,1,1,0,2,0,0,0,2
179,2017/04/29 11:43:37 午後 GMT+9,東京都,1,1,1,1,1,0,0,2,0,0,0,0
180,2017/04/29 11:52:40 午後 GMT+9,神奈川県,2,2,1,1,3,3,0,0,0,0,2,0
181,2017/04/29 11:55:25 午後 GMT+9,東京都,1,1,1,1,1,1,2,0,0,0,2,0
182,2017/04/29 11:56:32 午後 GMT+9,広島県,1,1,1,1,1,1,0,0,0,0,0,2
183,2017/04/29 11:56:41 午後 GMT+9,,3,3,3,3,3,3,0,0,0,0,2,0
184,2017/04/30 12:13:44 午前 GMT+9,,1,0,0,1,1,0,1,0,0,0,1,0
185,2017/04/30 12:27:49 午前 GMT+9,京都府,1,1,1,1,1,1,0,0,1,0,0,1
186,2017/04/30 12:57:53 午前 GMT+9,東京都,1,1,1,1,1,1,0,0,0,0,2,0
187,2017/04/30 1:12:22 午前 GMT+9,埼玉県,0,0,0,0,3,3,0,0,0,0,0,2
188,2017/04/30 1:39:43 午前 GMT+9,愛知県,1,1,0,0,2,2,0,0,0,0,2,0
189,2017/04/30 1:41:18 午前 GMT+9,三重県,1,0,0,0,0,0,2,0,0,0,0,0
190,2017/04/30 1:49:06 午前 GMT+9,群馬県,1,1,1,1,1,1,0,0,1,0,1,0
191,2017/04/30 1:52:02 午前 GMT+9,,1,1,1,0,1,1,0,0,0,0,0,1
192,2017/04/30 2:05:33 午前 GMT+9,東京都,1,1,1,1,1,1,0,0,0,0,2,0
193,2017/04/30 4:32:34 午前 GMT+9,山口県,4,4,4,4,4,4,0,0,0,0,1,0
194,2017/04/30 6:21:14 午前 GMT+9,和歌山県,1,1,1,1,1,1,0,0,0,0,0,2
195,2017/04/30 6:31:39 午前 GMT+9,愛知県,1,1,1,1,1,1,0,0,0,0,1,0
196,2017/04/30 6:46:35 午前 GMT+9,,0,0,0,0,1,1,0,0,0,0,0,2
197,2017/04/30 7:35:20 午前 GMT+9,石川県,6,6,4,4,2,2,2,0,0,0,0,2
198,2017/04/30 8:06:17 午前 GMT+9,東京都,3,3,1,1,3,3,1,0,0,0,1,0
199,2017/04/30 8:15:31 午前 GMT+9,大阪府,0,2,0,2,2,0,0,0,0,0,2,0
200,2017/04/30 8:52:18 午前 GMT+9,岐阜県,4,4,3,3,1,1,2,0,0,0,2,0
201,2017/04/30 8:52:53 午前 GMT+9,愛知県,3,3,4,4,2,2,0,0,0,2,2,0
202,2017/04/30 8:53:19 午前 GMT+9,埼玉県,0,0,0,0,2,2,0,0,0,0,0,1
203,2017/04/30 8:53:53 午前 GMT+9,大阪府,0,0,3,3,0,0,0,0,0,0,0,0
204,2017/04/30 8:54:22 午前 GMT+9,愛知県,1,1,1,1,0,0,0,0,0,0,0,0
205,2017/04/30 9:37:22 午前 GMT+9,神奈川県,3,3,3,3,1,1,0,0,0,0,0,0
206,2017/04/30 10:11:54 午前 GMT+9,埼玉県,6,6,5,5,5,5,0,0,0,0,1,0
207,2017/04/30 10:16:11 午前 GMT+9,神奈川県,3,3,0,0,3,3,0,0,0,0,2,0
208,2017/04/30 10:30:06 午前 GMT+9,石川県,0,0,2,2,0,0,0,0,0,0,0,0
209,2017/04/30 10:33:10 午前 GMT+9,神奈川県,0,0,0,0,1,1,0,0,0,0,2,0
210,2017/04/30 10:52:17 午前 GMT+9,東京都,1,1,1,1,1,1,0,0,0,0,2,0
211,2017/04/30 11:11:13 午前 GMT+9,東京都,0,0,0,0,5,5,0,0,0,0,0,2
212,2017/04/30 11:47:18 午前 GMT+9,茨城県,0,0,0,0,2,2,0,0,0,0,0,2
213,2017/04/30 12:38:55 午後 GMT+9,静岡県,1,1,1,1,1,1,0,0,1,0,1,0
214,2017/04/30 1:47:20 午後 GMT+9,埼玉県,0,0,0,0,9,9,0,0,0,0,1,0
215,2017/04/30 2:09:31 午後 GMT+9,愛知県,1,1,0,0,0,0,0,2,0,0,0,0
216,2017/04/30 2:21:18 午後 GMT+9,,0,0,1,1,0,0,0,0,1,0,0,0
217,2017/04/30 2:27:53 午後 GMT+9,岐阜県,1,1,0,0,0,0,0,0,0,0,0,0
218,2017/04/30 3:38:15 午後 GMT+9,東京都,12,0,0,0,0,6,0,0,0,0,0,2
219,2017/04/30 3:39:06 午後 GMT+9,神奈川県,0,0,0,0,1,1,0,0,0,0,0,2
220,2017/04/30 3:40:55 午後 GMT+9,神奈川県,0,0,0,0,5,5,0,0,0,0,0,2
221,2017/04/30 3:42:32 午後 GMT+9,東京都,0,0,0,0,0,1,0,0,0,0,0,2
222,2017/04/30 4:11:47 午後 GMT+9,静岡県,1,1,1,1,1,1,0,2,0,0,0,2
223,2017/04/30 5:06:18 午後 GMT+9,福島県,1,1,1,1,1,1,0,0,0,0,0,0
224,2017/04/30 5:31:50 午後 GMT+9,神奈川県,0,0,0,0,3,0,0,0,0,0,2,0
225,2017/04/30 5:32:29 午後 GMT+9,神奈川県,0,0,0,0,3,0,0,0,0,0,2,0
226,2017/04/30 6:23:21 午後 GMT+9,東京都,1,1,1,1,1,1,2,0,0,0,0,2
227,2017/04/30 7:45:13 午後 GMT+9,石川県,1,1,2,2,0,2,0,0,0,0,0,1
228,2017/04/30 8:01:06 午後 GMT+9,大阪府,2,2,10,4,12,12,0,0,0,0,2,0
229,2017/04/30 8:02:58 午後 GMT+9,,5,5,5,5,6,6,0,0,0,2,0,2
230,2017/04/30 8:19:46 午後 GMT+9,東京都,3,3,0,0,0,0,0,0,0,0,0,0
231,2017/04/30 8:21:06 午後 GMT+9,愛知県,5,5,5,5,5,5,2,0,0,0,2,0
232,2017/04/30 8:26:06 午後 GMT+9,,3,3,4,4,0,3,0,0,0,1,0,1
233,2017/04/30 9:13:00 午後 GMT+9,東京都,1,0,1,0,1,0,0,0,0,0,1,0
234,2017/04/30 9:34:25 午後 GMT+9,,2,2,2,2,4,2,0,0,0,0,1,0
235,2017/04/30 9:48:57 午後 GMT+9,大阪府,1,1,1,1,3,3,0,0,0,0,0,2
236,2017/04/30 10:05:24 午後 GMT+9,京都府,5,5,5,5,5,5,2,0,0,0,2,0
237,2017/04/30 10:07:11 午後 GMT+9,東京都,1,1,1,1,1,1,0,0,0,0,0,2
238,2017/04/30 10:07:59 午後 GMT+9,東京都,1,1,1,0,1,1,0,0,2,0,0,2
239,2017/04/30 10:08:01 午後 GMT+9,,0,0,1,1,0,0,0,0,0,0,0,0
240,2017/04/30 10:08:58 午後 GMT+9,大阪府,6,6,6,6,6,6,0,0,0,0,0,2
241,2017/04/30 10:11:37 午後 GMT+9,香川県,0,0,3,3,0,0,0,0,0,2,0,0
242,2017/04/30 10:43:46 午後 GMT+9,大阪府,5,5,11,11,7,7,0,0,0,0,2,0
243,2017/04/30 10:55:24 午後 GMT+9,福島県,0,0,0,0,0,2,0,0,0,0,0,2
244,2017/04/30 11:03:12 午後 GMT+9,,7,0,0,0,4,0,1,0,0,0,1,0
245,2017/04/30 11:14:30 午後 GMT+9,岡山県,0,0,3,3,0,0,0,0,0,0,0,0
246,2017/04/30 11:30:47 午後 GMT+9,愛知県,7,7,3,3,0,0,0,0,0,0,0,0
247,2017/04/30 11:42:56 午後 GMT+9,三重県,3,3,2,2,1,1,2,0,0,2,2,0
248,2017/05/01 12:38:25 午前 GMT+9,静岡県,5,5,1,1,5,5,0,0,0,0,0,2
249,2017/05/01 12:38:53 午前 GMT+9,東京都,0,0,0,0,4,4,0,0,0,0,1,0
250,2017/05/01 12:39:18 午前 GMT+9,東京都,0,0,0,0,6,6,0,0,0,0,1,0
251,2017/05/01 12:39:29 午前 GMT+9,神奈川県,1,1,1,1,1,1,0,0,0,0,0,0
252,2017/05/01 12:39:47 午前 GMT+9,茨城県,1,1,1,1,1,1,0,2,0,0,2,0
253,2017/05/01 12:39:58 午前 GMT+9,愛知県,1,1,0,0,0,0,2,0,0,0,0,0
254,2017/05/01 12:40:09 午前 GMT+9,,0,0,0,0,0,0,0,0,0,0,0,0
255,2017/05/01 12:40:32 午前 GMT+9,,2,2,1,1,1,1,2,0,2,0,2,0
256,2017/05/01 12:40:50 午前 GMT+9,徳島県,3,3,3,3,3,3,0,0,0,0,1,0
257,2017/05/01 12:40:57 午前 GMT+9,,0,0,0,0,3,3,0,0,0,0,2,0
258,2017/05/01 12:40:58 午前 GMT+9,福井県,2,2,2,2,3,3,0,0,0,0,0,2
259,2017/05/01 12:41:02 午前 GMT+9,東京都,1,1,1,1,1,1,0,0,0,0,0,1
260,2017/05/01 12:41:20 午前 GMT+9,岐阜県,5,5,5,5,5,5,0,0,1,0,0,1
261,2017/05/01 12:41:26 午前 GMT+9,大阪府,0,0,1,1,0,0,0,0,0,2,0,0
262,2017/05/01 12:41:45 午前 GMT+9,千葉県,1,1,1,1,1,1,0,2,0,0,0,2
263,2017/05/01 12:41:57 午前 GMT+9,新潟県,0,0,0,0,1,0,0,0,0,0,1,0
264,2017/05/01 12:41:59 午前 GMT+9,千葉県,1,1,1,1,1,1,0,0,0,0,1,0
265,2017/05/01 12:43:02 午前 GMT+9,神奈川県,0,0,0,0,5,5,0,0,0,0,0,2
266,2017/05/01 12:43:17 午前 GMT+9,神奈川県,7,7,0,0,0,0,0,2,0,0,0,0
267,2017/05/01 12:43:42 午前 GMT+9,千葉県,7,7,1,1,4,4,0,2,0,0,2,0
268,2017/05/01 12:44:10 午前 GMT+9,熊本県,1,1,1,1,1,1,0,2,0,0,0,2
269,2017/05/01 12:44:25 午前 GMT+9,香川県,0,0,2,3,0,0,0,0,0,1,0,0
270,2017/05/01 12:44:32 午前 GMT+9,埼玉県,4,4,4,4,4,4,0,2,0,0,2,0
271,2017/05/01 12:44:33 午前 GMT+9,,0,0,0,0,4,4,0,0,0,0,2,0
272,2017/05/01 12:45:10 午前 GMT+9,京都府,1,1,1,1,1,1,0,1,0,0,1,0
273,2017/05/01 12:45:14 午前 GMT+9,東京都,0,0,0,0,1,1,0,0,0,0,0,2
274,2017/05/01 12:45:24 午前 GMT+9,静岡県,1,1,0,0,0,0,1,0,0,0,0,0
275,2017/05/01 12:45:37 午前 GMT+9,静岡県,0,1,0,0,0,1,0,1,0,0,0,1
276,2017/05/01 12:45:43 午前 GMT+9,神奈川県,3,3,0,0,3,3,2,0,0,0,2,0
277,2017/05/01 12:46:04 午前 GMT+9,東京都,0,1,1,0,0,1,0,0,0,0,0,1
278,2017/05/01 12:46:10 午前 GMT+9,東京都,6,6,0,0,5,5,0,2,0,0,2,0
279,2017/05/01 12:46:13 午前 GMT+9,兵庫県,0,0,3,3,0,4,0,0,0,0,0,2
280,2017/05/01 12:46:33 午前 GMT+9,千葉県,4,4,3,3,4,4,0,2,0,0,2,0
281,2017/05/01 12:47:00 午前 GMT+9,東京都,2,2,0,0,6,6,0,0,0,0,0,2
282,2017/05/01 12:47:24 午前 GMT+9,東京都,0,0,0,0,1,1,0,0,0,0,2,0
283,2017/05/01 12:47:38 午前 GMT+9,愛知県,2,2,0,0,1,1,0,2,0,0,2,0
284,2017/05/01 12:47:46 午前 GMT+9,兵庫県,1,1,0,0,0,0,0,0,0,0,0,0
285,2017/05/01 12:48:04 午前 GMT+9,宮城県,2,2,2,2,1,1,0,0,0,2,0,2
286,2017/05/01 12:48:04 午前 GMT+9,福岡県,0,0,1,1,0,0,0,0,0,0,0,0
287,2017/05/01 12:48:19 午前 GMT+9,東京都,1,1,1,1,1,1,0,0,0,0,1,0
288,2017/05/01 12:48:26 午前 GMT+9,長野県,1,1,0,0,2,2,0,0,0,0,0,2
289,2017/05/01 12:48:27 午前 GMT+9,海外,1,1,1,1,1,1,0,0,0,0,0,0
290,2017/05/01 12:48:52 午前 GMT+9,千葉県,1,1,1,1,1,1,0,1,0,1,1,0
291,2017/05/01 12:48:53 午前 GMT+9,東京都,2,1,1,1,1,2,0,0,0,0,0,2
292,2017/05/01 12:48:59 午前 GMT+9,東京都,0,0,0,0,3,3,0,0,0,0,0,2
293,2017/05/01 12:49:19 午前 GMT+9,千葉県,1,1,1,1,1,1,0,2,1,0,2,0
294,2017/05/01 12:50:25 午前 GMT+9,愛知県,0,1,0,1,0,1,0,0,0,0,0,2
295,2017/05/01 12:50:38 午前 GMT+9,東京都,0,0,0,0,3,3,0,0,0,0,0,2
296,2017/05/01 12:50:52 午前 GMT+9,東京都,1,1,1,1,1,1,0,1,1,0,0,2
297,2017/05/01 12:51:11 午前 GMT+9,埼玉県,0,0,0,0,3,3,0,0,0,0,2,0
298,2017/05/01 12:54:34 午前 GMT+9,東京都,1,1,1,1,1,1,0,0,0,0,0,0
299,2017/05/01 12:55:36 午前 GMT+9,埼玉県,3,3,0,0,3,3,2,0,0,0,0,2
300,2017/05/01 12:56:27 午前 GMT+9,奈良県,1,1,1,1,1,1,0,0,0,0,0,2
301,2017/05/01 12:56:45 午前 GMT+9,群馬県,1,1,1,1,6,6,0,0,0,0,2,0
302,2017/05/01 12:58:13 午前 GMT+9,山形県,0,0,0,0,1,1,0,0,0,0,0,2
303,2017/05/01 12:58:22 午前 GMT+9,東京都,0,0,1,1,2,2,0,0,0,0,0,2
304,2017/05/01 12:58:33 午前 GMT+9,石川県,1,1,1,1,1,1,1,0,0,0,1,0
305,2017/05/01 1:00:15 午前 GMT+9,大阪府,5,5,5,5,5,5,0,2,0,0,0,2
306,2017/05/01 1:00:34 午前 GMT+9,東京都,0,0,3,3,0,0,0,0,0,0,0,0
307,2017/05/01 1:01:37 午前 GMT+9,東京都,0,0,0,0,1,1,0,0,0,0,2,0
308,2017/05/01 1:02:26 午前 GMT+9,静岡県,0,0,0,0,0,1,0,0,0,0,0,1
309,2017/05/01 1:03:08 午前 GMT+9,東京都,0,0,0,0,3,3,0,0,0,0,0,0
310,2017/05/01 1:04:12 午前 GMT+9,東京都,1,1,1,1,1,1,0,0,0,0,0,1
311,2017/05/01 1:04:35 午前 GMT+9,東京都,1,1,1,1,1,1,0,0,0,0,1,0
312,2017/05/01 1:04:37 午前 GMT+9,岐阜県,1,1,1,1,1,1,0,0,0,0,0,1
313,2017/05/01 1:04:58 午前 GMT+9,長野県,1,1,1,1,1,1,0,0,0,0,0,2
314,2017/05/01 1:05:21 午前 GMT+9,静岡県,1,1,1,1,1,1,0,2,0,0,0,2
315,2017/05/01 1:06:13 午前 GMT+9,神奈川県,1,1,1,1,1,1,0,0,0,1,1,0
317,2017/05/01 1:13:47 午前 GMT+9,東京都,0,0,0,0,0,2,0,0,0,0,0,2
318,2017/05/01 1:14:08 午前 GMT+9,東京都,0,0,0,0,0,4,0,0,0,0,0,2
319,2017/05/01 1:16:32 午前 GMT+9,海外,0,0,0,0,1,1,0,0,0,0,2,0
320,2017/05/01 1:16:56 午前 GMT+9,海外,0,0,0,0,1,1,0,0,0,0,0,0
321,2017/05/01 1:31:21 午前 GMT+9,北海道,2,1,1,2,1,2,2,0,0,2,0,2
322,2017/05/01 1:31:48 午前 GMT+9,愛知県,2,2,0,0,0,0,0,2,0,0,0,0
323,2017/05/01 1:34:13 午前 GMT+9,東京都,0,0,0,0,1,1,0,0,0,0,1,0
324,2017/05/01 1:39:32 午前 GMT+9,,0,0,0,0,0,1,0,0,0,0,0,2
325,2017/05/01 1:40:24 午前 GMT+9,長崎県,0,0,0,0,1,0,0,0,0,0,2,0
326,2017/05/01 1:42:19 午前 GMT+9,東京都,10,10,10,10,10,10,0,0,0,0,2,0
327,2017/05/01 1:51:22 午前 GMT+9,神奈川県,1,1,1,1,1,1,0,2,0,2,2,0
328,2017/05/01 2:02:51 午前 GMT+9,山梨県,0,0,0,0,0,1,0,0,0,0,0,2
329,2017/05/01 2:16:51 午前 GMT+9,,3,3,1,1,2,2,0,2,0,0,2,0
330,2017/05/01 2:19:35 午前 GMT+9,静岡県,4,4,0,0,0,0,0,1,0,0,0,0
331,2017/05/01 2:19:56 午前 GMT+9,静岡県,0,0,0,0,0,1,0,0,0,0,0,1
332,2017/05/01 2:21:38 午前 GMT+9,茨城県,0,0,0,0,0,5,0,0,0,0,0,1
333,2017/05/01 2:21:50 午前 GMT+9,兵庫県,1,1,2,2,2,2,0,0,0,0,2,0
334,2017/05/01 2:24:28 午前 GMT+9,茨城県,0,0,0,0,3,3,0,0,0,0,0,2
335,2017/05/01 2:59:13 午前 GMT+9,,1,1,1,1,0,1,0,0,2,0,0,2
336,2017/05/01 2:59:32 午前 GMT+9,北海道,1,1,1,1,3,3,0,0,2,0,2,0
337,2017/05/01 3:08:40 午前 GMT+9,神奈川県,0,0,0,0,0,2,0,0,0,0,0,2
338,2017/05/01 3:20:23 午前 GMT+9,大阪府,4,4,4,4,0,0,0,0,0,0,0,0
339,2017/05/01 3:20:57 午前 GMT+9,大阪府,2,2,4,4,0,0,0,0,0,0,0,0
340,2017/05/01 3:21:26 午前 GMT+9,大阪府,2,2,4,4,0,0,0,0,0,0,0,0
341,2017/05/01 3:23:17 午前 GMT+9,,2,2,1,1,1,1,0,0,0,0,0,0
342,2017/05/01 3:34:47 午前 GMT+9,北海道,2,2,2,2,2,2,0,0,0,0,0,0
343,2017/05/01 4:16:39 午前 GMT+9,海外,5,5,0,0,0,0,0,0,0,0,0,0
344,2017/05/01 5:54:08 午前 GMT+9,,7,7,7,7,6,6,0,0,0,0,1,0
345,2017/05/01 6:28:25 午前 GMT+9,岡山県,0,0,2,2,0,2,0,0,0,2,0,2
346,2017/05/01 6:29:16 午前 GMT+9,岡山県,0,0,2,2,0,0,0,0,0,0,0,0
347,2017/05/01 6:43:15 午前 GMT+9,愛知県,1,1,0,0,1,1,0,2,0,0,1,0
348,2017/05/01 7:10:08 午前 GMT+9,埼玉県,0,0,0,0,1,1,0,0,0,0,0,2
349,2017/05/01 7:57:59 午前 GMT+9,岐阜県,7,7,5,5,6,6,0,0,0,0,1,0
350,2017/05/01 8:01:35 午前 GMT+9,埼玉県,1,1,1,1,1,1,0,0,0,0,0,2
351,2017/05/01 8:02:26 午前 GMT+9,東京都,0,0,0,0,0,1,0,0,0,0,0,1
352,2017/05/01 8:11:25 午前 GMT+9,秋田県,1,1,1,1,1,1,0,0,0,0,2,0
353,2017/05/01 8:48:03 午前 GMT+9,,0,1,0,1,0,1,0,0,0,1,0,1
354,2017/05/01 9:37:23 午前 GMT+9,,1,1,1,1,1,1,0,1,0,1,1,0
355,2017/05/01 10:02:15 午前 GMT+9,東京都,1,0,0,0,0,2,0,0,0,0,0,1
356,2017/05/01 10:44:56 午前 GMT+9,宮城県,1,0,1,0,1,0,2,0,0,0,2,0
357,2017/05/01 11:07:07 午前 GMT+9,神奈川県,0,0,0,0,6,6,0,0,0,0,0,2
358,2017/05/01 11:09:47 午前 GMT+9,愛知県,4,4,4,4,4,4,0,0,0,0,0,1
359,2017/05/01 11:15:42 午前 GMT+9,埼玉県,3,3,3,3,3,3,2,0,0,0,0,2
360,2017/05/01 11:16:01 午前 GMT+9,京都府,6,6,3,3,4,4,0,0,0,0,0,2
361,2017/05/01 11:30:14 午前 GMT+9,大阪府,1,1,1,1,2,2,0,0,0,0,0,2
362,2017/05/01 11:39:37 午前 GMT+9,東京都,1,1,0,0,4,4,1,0,0,0,0,1
363,2017/05/01 11:46:07 午前 GMT+9,,1,1,0,0,0,0,0,0,0,0,0,0
364,2017/05/01 11:46:26 午前 GMT+9,,0,0,1,1,1,1,0,0,0,0,2,0
366,2017/05/01 12:18:40 午後 GMT+9,群馬県,0,0,0,0,2,2,0,0,0,0,2,0
367,2017/05/01 1:04:31 午後 GMT+9,東京都,1,1,0,0,1,1,0,2,0,0,2,0
368,2017/05/01 1:06:54 午後 GMT+9,岐阜県,2,2,0,0,0,0,0,2,0,0,0,0
369,2017/05/01 1:11:12 午後 GMT+9,愛知県,3,3,5,5,6,6,0,0,0,0,2,0
370,2017/05/01 1:19:20 午後 GMT+9,愛知県,6,6,3,3,2,2,2,0,0,0,2,0
371,2017/05/01 2:28:23 午後 GMT+9,東京都,3,3,0,1,0,3,0,0,0,0,0,1
372,2017/05/01 2:53:18 午後 GMT+9,鹿児島県,1,0,1,0,1,0,0,0,0,0,1,0
373,2017/05/01 3:02:50 午後 GMT+9,静岡県,4,4,4,4,3,3,0,2,0,0,0,2
375,2017/05/01 4:33:57 午後 GMT+9,東京都,3,3,3,3,5,5,0,0,0,0,0,2
376,2017/05/01 4:46:12 午後 GMT+9,静岡県,2,2,1,1,1,1,0,0,0,0,0,2
377,2017/05/01 6:02:47 午後 GMT+9,千葉県,0,0,0,0,5,5,0,0,0,0,2,0
378,2017/05/01 6:03:00 午後 GMT+9,兵庫県,8,8,8,8,8,8,1,0,0,0,1,0
379,2017/05/01 6:03:31 午後 GMT+9,愛知県,4,4,4,4,4,4,1,0,0,0,1,0
380,2017/05/01 6:20:57 午後 GMT+9,東京都,0,0,0,0,2,1,0,0,0,0,1,0
381,2017/05/01 7:07:33 午後 GMT+9,北海道,0,0,0,0,1,1,0,0,0,0,0,2
382,2017/05/01 8:56:42 午後 GMT+9,,0,0,0,0,6,6,0,0,0,0,2,0
383,2017/05/01 11:30:28 午後 GMT+9,愛知県,2,2,1,1,0,0,0,2,0,0,0,0
384,2017/05/01 11:50:49 午後 GMT+9,東京都,0,0,3,3,0,0,0,0,0,0,0,0
385,2017/05/02 10:40:34 午前 GMT+9,千葉県,4,4,4,4,4,4,0,0,0,0,2,0
386,2017/05/02 3:11:05 午後 GMT+9,,1,1,1,1,2,2,0,0,0,0,2,0
387,2017/05/02 8:48:39 午後 GMT+9,埼玉県,0,0,0,0,0,6,0,0,0,0,0,2
388,2017/05/02 10:27:19 午後 GMT+9,東京都,1,1,1,1,1,1,0,2,0,2,2,0
389,2017/05/02 10:27:33 午後 GMT+9,東京都,0,0,0,0,2,2,0,0,0,0,0,1
390,2017/05/02 10:30:51 午後 GMT+9,埼玉県,2,0,0,0,0,2,0,0,0,0,0,1
391,2017/05/02 10:31:01 午後 GMT+9,新潟県,2,2,1,1,4,4,0,0,0,0,0,1
392,2017/05/02 10:32:14 午後 GMT+9,東京都,10,10,6,6,3,3,2,0,0,0,2,0
393,2017/05/02 10:35:14 午後 GMT+9,埼玉県,4,4,4,4,2,2,0,0,0,0,2,0
394,2017/05/02 10:37:08 午後 GMT+9,,2,2,2,2,2,2,0,2,0,2,2,0
395,2017/05/02 10:38:40 午後 GMT+9,,0,0,0,0,2,2,0,0,0,0,0,2
396,2017/05/02 11:05:22 午後 GMT+9,愛知県,2,2,2,2,0,2,0,0,0,0,0,2
397,2017/05/02 11:08:02 午後 GMT+9,滋賀県,3,3,3,3,2,2,0,0,0,0,2,0
398,2017/05/02 11:08:06 午後 GMT+9,大阪府,1,1,2,2,1,1,0,0,0,2,0,2
399,2017/05/02 11:08:30 午後 GMT+9,滋賀県,2,2,2,2,2,2,0,0,0,0,0,0
400,2017/05/02 11:08:41 午後 GMT+9,埼玉県,0,0,0,0,0,0,0,0,0,0,0,0
401,2017/05/02 11:10:17 午後 GMT+9,東京都,1,1,1,1,1,1,0,1,1,0,0,1
402,2017/05/02 11:12:09 午後 GMT+9,北海道,4,4,5,5,3,3,0,0,0,0,0,0
403,2017/05/02 11:16:32 午後 GMT+9,栃木県,0,0,0,0,4,4,0,0,0,0,0,1
404,2017/05/02 11:22:01 午後 GMT+9,東京都,2,2,2,2,1,1,0,0,0,0,0,2
405,2017/05/02 11:26:26 午後 GMT+9,埼玉県,0,0,0,0,1,1,0,0,0,0,0,2
406,2017/05/03 12:26:54 午前 GMT+9,千葉県,1,1,1,1,1,1,0,0,0,0,2,0
407,2017/05/03 4:44:41 午前 GMT+9,長野県,2,0,0,0,0,0,0,0,0,0,0,0
408,2017/05/03 6:25:51 午前 GMT+9,福岡県,1,1,1,1,1,1,2,2,2,2,2,2
409,2017/05/03 7:28:55 午前 GMT+9,新潟県,2,2,1,1,0,0,0,2,0,0,0,0
410,2017/05/03 8:25:39 午前 GMT+9,岡山県,2,2,2,2,2,2,0,2,0,2,2,0
411,2017/05/03 1:41:25 午後 GMT+9,埼玉県,0,0,0,0,2,0,0,0,0,0,2,0
412,2017/05/03 3:17:15 午後 GMT+9,埼玉県,0,0,0,0,2,2,0,0,0,0,2,0
413,2017/05/03 3:19:30 午後 GMT+9,,0,0,0,0,2,2,0,0,0,0,1,0
414,2017/05/03 3:20:10 午後 GMT+9,愛知県,1,1,1,1,1,1,0,0,0,2,0,2
415,2017/05/03 4:20:52 午後 GMT+9,埼玉県,0,0,0,0,1,0,0,0,0,0,2,0
416,2017/05/03 4:40:45 午後 GMT+9,福岡県,0,5,0,5,0,3,0,2,0,0,0,2
417,2017/05/03 5:02:38 午後 GMT+9,,0,0,0,0,0,1,0,0,0,0,0,2
418,2017/05/03 6:48:29 午後 GMT+9,神奈川県,1,1,1,1,1,1,2,0,0,0,0,2
419,2017/05/03 7:04:34 午後 GMT+9,兵庫県,1,1,1,1,0,1,0,0,0,0,0,2
420,2017/05/03 10:28:41 午後 GMT+9,千葉県,0,0,0,0,1,1,0,0,0,0,0,2
421,2017/05/03 11:28:45 午後 GMT+9,愛知県,1,1,2,2,1,1,0,0,0,2,0,2
422,2017/05/04 12:57:54 午前 GMT+9,,1,1,1,1,0,0,0,0,0,0,0,0
423,2017/05/04 5:16:11 午前 GMT+9,神奈川県,0,0,1,1,1,1,0,0,0,0,0,2
424,2017/05/04 8:11:11 午前 GMT+9,静岡県,1,1,0,0,0,0,1,0,0,0,0,0
425,2017/05/04 8:11:33 午前 GMT+9,静岡県,1,1,0,0,0,0,0,1,0,0,0,0
426,2017/05/04 9:40:37 午後 GMT+9,大阪府,3,3,4,4,3,3,0,0,0,0,2,0
427,2017/05/04 9:45:35 午後 GMT+9,大阪府,0,0,5,5,0,0,0,0,0,0,0,0
428,2017/05/05 1:53:04 午後 GMT+9,東京都,1,1,1,1,4,4,0,0,0,0,0,2
429,2017/05/05 4:44:19 午後 GMT+9,愛知県,1,0,0,0,0,0,1,0,0,0,0,0
430,2017/05/05 6:33:34 午後 GMT+9,大阪府,2,2,6,6,0,1,0,0,0,0,0,2
431,2017/05/05 9:40:05 午後 GMT+9,北海道,1,1,1,1,1,1,0,0,0,0,0,1
432,2017/05/05 9:43:51 午後 GMT+9,愛知県,1,1,0,0,1,1,0,2,0,0,0,2
433,2017/05/06 8:49:38 午前 GMT+9,大阪府,1,1,1,1,1,1,0,0,0,1,1,0
434,2017/05/06 1:36:11 午後 GMT+9,愛知県,1,0,0,0,0,0,2,0,0,0,0,0
436,2017/05/07 11:03:40 午前 GMT+9,東京都,0,0,3,3,2,2,0,0,0,0,2,2
437,2017/05/07 11:04:03 午前 GMT+9,東京都,0,0,0,0,3,3,0,0,0,0,2,2
438,2017/05/07 11:30:29 午後 GMT+9,東京都,0,0,0,0,1,0,0,0,0,0,1,0
439,2017/05/08 1:06:17 午前 GMT+9,,0,0,0,0,0,1,0,0,0,0,0,1
440,2017/05/08 1:13:55 午前 GMT+9,,1,1,0,0,5,5,0,0,0,0,1,0
441,2017/05/08 6:36:47 午前 GMT+9,東京都,1,1,1,1,2,2,0,0,0,2,2,0
442,2017/05/08 8:04:40 午前 GMT+9,,0,0,0,0,2,2,0,0,0,0,2,0
443,2017/05/08 1:33:49 午後 GMT+9,神奈川県,0,0,0,0,1,0,0,0,0,0,1,0
444,2017/05/08 4:03:50 午後 GMT+9,埼玉県,0,0,0,0,3,3,0,0,0,0,0,2
445,2017/05/08 5:10:53 午後 GMT+9,,7,7,8,8,4,4,0,0,0,0,2,0
446,2017/05/08 11:06:25 午後 GMT+9,東京都,0,0,0,0,0,2,0,0,0,0,0,2
447,2017/05/10 4:26:02 午前 GMT+9,,1,1,1,1,3,3,0,0,0,0,2,0
448,2017/05/10 10:08:57 午後 GMT+9,,1,1,1,1,3,3,0,0,0,0,2,0
449,2017/05/10 10:32:06 午後 GMT+9,神奈川県,3,3,5,5,3,3,0,0,0,2,0,2
450,2017/05/11 12:14:22 午前 GMT+9,長崎県,2,0,1,0,0,0,2,0,1,0,0,0
451,2017/05/11 9:27:20 午前 GMT+9,千葉県,0,8,0,8,0,10,0,0,0,0,0,2
452,2017/05/13 6:34:59 午前 GMT+9,,3,3,11,11,7,7,0,0,0,2,2,0
453,2017/05/13 12:48:59 午後 GMT+9,愛知県,1,1,0,0,1,1,0,0,0,0,0,0
454,2017/05/13 10:34:36 午後 GMT+9,宮城県,0,0,0,0,0,2,0,0,0,0,0,2
455,2017/05/14 11:23:01 午後 GMT+9,愛知県,1,1,0,0,0,0,0,0,0,0,0,0
456,2017/05/15 2:52:04 午前 GMT+9,愛知県,1,1,0,0,0,0,2,2,0,0,0,0
457,2017/05/15 11:41:27 午前 GMT+9,,1,1,1,1,1,1,1,0,1,0,1,1
458,2017/05/16 12:15:47 午後 GMT+9,神奈川県,1,1,1,1,1,1,0,0,0,0,0,2
459,2017/05/17 6:09:03 午後 GMT+9,福島県,0,0,0,0,2,2,0,0,0,0,1,0
460,2017/05/17 8:01:31 午後 GMT+9,神奈川県,0,0,0,0,0,1,0,0,0,0,0,1
461,2017/05/18 10:43:04 午前 GMT+9,神奈川県,1,1,0,0,1,3,0,0,0,0,2,2
462,2017/05/19 7:01:09 午前 GMT+9,石川県,0,0,1,1,1,1,0,0,0,2,0,2
463,2017/05/19 1:43:07 午後 GMT+9,宮城県,0,0,0,0,1,0,0,0,0,0,1,0
464,2017/05/25 7:20:58 午後 GMT+9,東京都,0,0,0,0,1,1,0,0,0,0,2,0
465,2017/05/25 7:25:21 午後 GMT+9,宮城県,1,1,2,2,0,0,0,0,0,0,0,0
466,2017/05/25 7:31:32 午後 GMT+9,宮城県,2,2,1,1,0,1,0,0,0,0,0,2
467,2017/05/25 7:33:26 午後 GMT+9,兵庫県,1,1,3,3,1,1,0,0,0,0,0,1
468,2017/05/25 7:40:43 午後 GMT+9,愛知県,5,5,1,1,2,2,2,0,0,0,0,2
469,2017/05/25 7:41:14 午後 GMT+9,愛知県,4,4,0,0,1,1,0,0,0,0,0,0
470,2017/05/25 7:41:37 午後 GMT+9,愛知県,1,1,0,0,1,1,0,0,0,0,0,0
471,2017/05/25 7:44:08 午後 GMT+9,千葉県,2,2,2,2,2,2,0,0,0,0,0,2
472,2017/05/25 7:46:51 午後 GMT+9,千葉県,4,4,3,3,2,2,0,0,0,2,2,0
473,2017/05/25 7:52:03 午後 GMT+9,東京都,0,0,0,0,0,5,0,0,0,0,0,2
474,2017/05/25 7:58:15 午後 GMT+9,,1,1,1,1,1,1,2,0,0,0,2,0
475,2017/05/25 8:06:44 午後 GMT+9,愛知県,1,1,1,1,4,4,0,0,0,0,0,2
476,2017/05/25 8:07:10 午後 GMT+9,大阪府,4,4,4,4,3,3,0,0,0,0,2,0
477,2017/05/25 8:11:10 午後 GMT+9,,1,1,1,1,1,1,1,1,1,1,1,1
478,2017/05/25 8:12:02 午後 GMT+9,埼玉県,1,1,1,1,3,3,0,0,0,0,0,2
479,2017/05/25 8:21:55 午後 GMT+9,,2,2,2,2,2,2,0,0,0,0,2,0
480,2017/05/25 8:34:49 午後 GMT+9,石川県,3,3,0,0,3,3,0,0,0,0,0,2
481,2017/05/25 8:38:43 午後 GMT+9,岐阜県,1,1,1,1,0,0,0,0,0,0,0,0
482,2017/05/25 9:03:34 午後 GMT+9,神奈川県,0,0,0,0,2,2,0,0,0,0,2,0
483,2017/05/25 10:46:26 午後 GMT+9,兵庫県,1,1,6,6,1,1,0,0,0,0,1,0
484,2017/05/25 11:02:56 午後 GMT+9,,2,2,2,2,1,1,0,0,0,1,0,1
485,2017/05/25 11:54:39 午後 GMT+9,兵庫県,3,3,3,3,3,0,0,0,0,0,2,0
486,2017/05/26 1:55:59 午後 GMT+9,愛知県,1,1,1,1,1,1,0,0,0,0,0,2
487,2017/05/26 4:38:58 午後 GMT+9,埼玉県,1,1,1,1,2,2,0,0,0,0,0,2
488,2017/05/26 11:36:45 午後 GMT+9,沖縄県,0,0,0,0,1,1,0,0,0,0,2,0
489,2017/05/27 12:13:40 午後 GMT+9,,1,1,1,1,1,1,0,0,0,0,2,0
490,2017/05/27 12:17:01 午後 GMT+9,東京都,5,5,5,5,5,5,0,2,0,0,0,2
491,2017/05/27 12:20:58 午後 GMT+9,大阪府,9,8,6,7,0,0,2,0,0,2,0,0
492,2017/05/27 12:21:32 午後 GMT+9,東京都,0,0,6,6,3,3,0,0,0,0,2,0
493,2017/05/27 3:17:30 午後 GMT+9,,0,0,3,0,0,0,0,0,0,0,0,0
494,2017/05/27 11:18:42 午後 GMT+9,埼玉県,1,0,0,0,0,0,1,0,0,0,0,0
495,2017/05/29 3:34:38 午後 GMT+9,青森県,0,1,0,0,1,0,0,1,0,0,1,0
496,2017/05/29 8:19:51 午後 GMT+9,静岡県,0,0,0,0,0,1,0,0,0,0,0,2
497,2017/05/30 10:35:48 午前 GMT+9,石川県,1,1,1,1,0,0,0,0,0,0,0,0
498,2017/05/30 7:56:22 午後 GMT+9,神奈川県,2,2,2,2,2,2,0,0,0,0,1,0
499,2017/06/01 2:39:09 午前 GMT+9,,1,1,1,1,1,1,0,0,0,0,0,2
500,2017/06/01 6:00:59 午後 GMT+9,東京都,1,1,1,1,2,2,0,0,0,0,2,0
502,2017/06/02 1:08:34 午後 GMT+9,大阪府,0,0,1,1,2,2,0,0,0,0,2,0
503,2017/06/02 1:09:38 午後 GMT+9,京都府,1,1,5,5,5,5,0,0,0,0,0,2
504,2017/06/02 1:55:52 午後 GMT+9,,1,1,1,1,1,1,0,0,0,0,0,2
505,2017/06/02 2:35:22 午後 GMT+9,富山県,1,1,0,0,1,1,0,0,0,0,0,2
506,2017/06/02 3:12:13 午後 GMT+9,愛知県,4,4,2,2,2,2,0,0,0,0,1,0
507,2017/06/02 5:44:22 午後 GMT+9,東京都,0,0,0,0,0,2,0,0,0,0,0,2
508,2017/06/02 7:50:09 午後 GMT+9,東京都,6,6,0,0,3,3,0,0,0,0,1,0
509,2017/06/02 8:24:33 午後 GMT+9,青森県,0,0,0,0,0,1,0,0,0,0,0,1
510,2017/06/02 9:00:10 午後 GMT+9,神奈川県,0,0,0,0,3,3,0,0,0,0,1,0
511,2017/06/02 9:27:37 午後 GMT+9,大阪府,0,0,2,2,0,0,0,0,0,0,0,0
512,2017/06/02 10:58:52 午後 GMT+9,東京都,1,0,1,0,1,0,0,0,0,0,2,0
513,2017/06/02 10:59:24 午後 GMT+9,,0,0,0,0,0,1,0,0,0,0,0,1
514,2017/06/02 11:05:21 午後 GMT+9,千葉県,1,1,0,0,4,4,0,0,0,0,2,0
515,2017/06/02 11:20:32 午後 GMT+9,石川県,1,1,0,0,0,0,0,2,0,0,0,0
516,2017/06/02 11:25:44 午後 GMT+9,京都府,1,1,5,5,1,1,0,0,0,1,0,0
517,2017/06/03 12:15:08 午前 GMT+9,大分県,1,0,0,1,1,0,1,0,0,0,1,0
518,2017/06/03 1:24:35 午前 GMT+9,愛知県,1,1,0,0,1,1,0,0,0,0,2,0
519,2017/06/03 2:58:41 午前 GMT+9,静岡県,2,2,1,1,3,3,0,0,0,0,0,2
520,2017/06/03 5:55:08 午前 GMT+9,,19,19,0,0,0,0,0,2,0,0,0,0
521,2017/06/03 5:55:59 午前 GMT+9,,10,10,0,0,0,0,0,2,0,0,0,0
522,2017/06/03 5:56:54 午前 GMT+9,,0,0,7,7,0,0,0,0,2,0,0,0
523,2017/06/03 5:57:41 午前 GMT+9,愛知県,0,0,0,0,7,7,0,0,0,0,2,0
524,2017/06/03 5:58:20 午前 GMT+9,愛知県,1,1,1,1,1,1,0,0,0,0,0,0
525,2017/06/03 8:26:16 午前 GMT+9,千葉県,0,0,0,0,1,1,0,0,0,0,2,2
526,2017/06/03 9:10:12 午前 GMT+9,京都府,1,1,3,3,2,2,0,0,0,0,0,2
527,2017/06/03 9:20:41 午前 GMT+9,,1,1,4,4,0,0,0,0,0,1,0,0
528,2017/06/03 9:32:29 午前 GMT+9,島根県,1,1,1,1,1,1,0,0,0,0,0,2
529,2017/06/03 10:12:51 午前 GMT+9,北海道,2,2,0,0,0,2,0,0,0,0,0,2
530,2017/06/03 11:10:34 午前 GMT+9,,0,0,0,1,0,0,0,0,0,0,0,0
531,2017/06/03 11:12:42 午前 GMT+9,東京都,0,0,0,0,1,1,0,0,0,0,1,0
532,2017/06/03 11:36:45 午前 GMT+9,埼玉県,0,0,0,0,1,1,0,0,0,0,0,2
533,2017/06/03 11:37:39 午前 GMT+9,秋田県,1,1,1,1,1,1,0,0,0,0,1,0
534,2017/06/03 11:53:01 午前 GMT+9,神奈川県,5,0,5,0,0,6,0,0,0,0,0,2
535,2017/06/03 12:07:52 午後 GMT+9,,4,4,3,3,2,2,2,0,0,0,2,0
536,2017/06/03 12:17:49 午後 GMT+9,千葉県,0,0,0,0,2,2,0,0,0,0,0,2
537,2017/06/03 12:19:28 午後 GMT+9,愛知県,1,1,1,1,1,1,0,0,0,0,0,2
538,2017/06/03 12:37:04 午後 GMT+9,福島県,1,1,0,0,1,1,2,0,0,0,0,2
539,2017/06/03 12:43:47 午後 GMT+9,大阪府,0,0,2,2,2,2,0,0,2,0,2,0
540,2017/06/03 12:49:09 午後 GMT+9,東京都,1,1,0,0,0,0,1,0,0,0,0,0
541,2017/06/03 12:55:45 午後 GMT+9,京都府,8,8,8,8,5,5,0,0,2,0,0,2
542,2017/06/03 1:00:11 午後 GMT+9,東京都,0,0,0,0,1,1,0,0,0,0,0,2
543,2017/06/03 1:02:49 午後 GMT+9,神奈川県,5,5,5,5,5,5,0,0,0,0,2,0
544,2017/06/03 1:04:40 午後 GMT+9,茨城県,3,3,0,0,0,0,0,2,0,0,0,0
545,2017/06/03 1:08:37 午後 GMT+9,群馬県,4,4,0,0,4,4,2,0,0,0,2,2
546,2017/06/03 1:10:12 午後 GMT+9,千葉県,6,6,2,2,6,6,0,0,0,0,2,0
547,2017/06/03 1:12:06 午後 GMT+9,東京都,8,8,7,7,7,7,0,0,0,0,2,0
548,2017/06/03 1:16:02 午後 GMT+9,神奈川県,2,2,2,2,2,2,2,0,0,0,0,2
549,2017/06/03 1:19:30 午後 GMT+9,,1,1,1,1,1,1,0,0,0,0,1,0
551,2017/06/03 1:32:18 午後 GMT+9,宮城県,0,0,0,0,4,4,0,0,0,0,1,0
552,2017/06/03 1:36:31 午後 GMT+9,神奈川県,0,0,2,2,2,2,0,0,2,0,2,0
553,2017/06/03 1:36:57 午後 GMT+9,愛知県,5,5,0,0,3,3,0,0,0,0,2,0
554,2017/06/03 1:37:04 午後 GMT+9,埼玉県,3,3,0,0,3,3,0,0,0,0,0,0
555,2017/06/03 1:38:03 午後 GMT+9,,1,1,1,1,1,1,2,0,0,0,0,2
556,2017/06/03 1:41:58 午後 GMT+9,,0,0,2,2,0,0,0,0,0,0,0,0
558,2017/06/03 1:43:42 午後 GMT+9,宮城県,0,0,0,0,0,1,0,0,0,0,0,1
559,2017/06/03 1:44:54 午後 GMT+9,愛知県,5,4,0,0,0,0,0,0,0,0,0,0
560,2017/06/03 1:49:27 午後 GMT+9,宮城県,0,0,0,0,4,4,0,0,0,0,0,2
561,2017/06/03 1:51:03 午後 GMT+9,兵庫県,1,1,1,1,0,0,1,0,1,0,0,0
562,2017/06/03 1:54:30 午後 GMT+9,愛知県,2,2,0,0,0,0,2,0,0,0,0,0
563,2017/06/03 1:56:28 午後 GMT+9,愛知県,4,4,4,4,1,4,0,0,0,0,2,0
564,2017/06/03 1:58:40 午後 GMT+9,,0,0,0,10,0,0,0,0,0,0,0,0
565,2017/06/03 2:20:59 午後 GMT+9,福岡県,1,1,1,1,3,3,0,0,2,0,2,0
566,2017/06/03 2:23:58 午後 GMT+9,大阪府,0,0,1,1,0,0,0,0,0,0,0,0
567,2017/06/03 2:25:30 午後 GMT+9,千葉県,1,1,1,1,1,1,0,0,0,0,0,0
568,2017/06/03 2:31:35 午後 GMT+9,,2,2,2,2,0,2,0,0,0,0,0,0
569,2017/06/03 2:36:29 午後 GMT+9,大阪府,1,0,1,0,0,0,2,0,2,0,0,0
570,2017/06/03 2:52:21 午後 GMT+9,,1,1,1,1,1,1,0,0,0,0,0,0
571,2017/06/03 2:56:31 午後 GMT+9,埼玉県,0,0,0,0,0,1,0,0,0,0,0,1
572,2017/06/03 3:09:20 午後 GMT+9,神奈川県,1,1,1,1,2,2,0,0,0,0,0,2
573,2017/06/03 3:16:51 午後 GMT+9,愛知県,1,0,0,0,0,0,1,0,0,0,0,0
574,2017/06/03 3:17:28 午後 GMT+9,熊本県,2,2,1,1,1,1,0,0,0,0,2,0
575,2017/06/03 3:21:47 午後 GMT+9,千葉県,4,4,4,4,5,5,2,0,0,2,0,2
576,2017/06/03 3:36:42 午後 GMT+9,愛知県,1,2,1,2,1,2,0,0,0,0,1,0
577,2017/06/03 3:57:08 午後 GMT+9,神奈川県,1,1,1,1,3,3,0,0,0,0,2,0
578,2017/06/03 4:00:32 午後 GMT+9,東京都,1,1,1,1,3,3,0,0,0,0,0,1
579,2017/06/03 4:30:30 午後 GMT+9,北海道,0,0,0,0,3,3,0,0,0,0,1,0
580,2017/06/03 5:01:02 午後 GMT+9,,1,1,1,1,2,2,0,0,0,0,2,0
581,2017/06/03 5:12:45 午後 GMT+9,,0,7,0,0,5,5,0,0,0,0,0,2
582,2017/06/03 5:33:39 午後 GMT+9,東京都,0,0,0,0,1,1,0,0,0,0,1,0
583,2017/06/03 5:52:31 午後 GMT+9,愛知県,3,3,1,1,1,1,2,0,0,0,0,1
584,2017/06/03 6:05:42 午後 GMT+9,埼玉県,1,1,0,0,1,1,0,0,0,0,1,0
585,2017/06/03 6:07:41 午後 GMT+9,神奈川県,2,2,1,1,2,2,0,0,0,0,0,2
586,2017/06/03 6:17:38 午後 GMT+9,埼玉県,0,0,0,0,0,2,0,0,0,0,0,2
587,2017/06/03 6:27:36 午後 GMT+9,兵庫県,1,1,1,1,0,1,0,0,0,0,0,1
589,2017/06/03 6:40:52 午後 GMT+9,岩手県,1,1,1,1,1,1,0,0,0,0,2,0
590,2017/06/03 7:35:38 午後 GMT+9,,1,1,1,1,6,0,0,0,0,0,0,0
591,2017/06/03 7:48:05 午後 GMT+9,埼玉県,0,0,0,0,5,5,0,0,0,0,0,2
592,2017/06/03 7:48:44 午後 GMT+9,山口県,0,0,0,2,0,0,0,0,0,2,0,0
593,2017/06/03 7:57:45 午後 GMT+9,,1,1,1,1,5,5,0,0,2,0,0,2
594,2017/06/03 8:01:44 午後 GMT+9,静岡県,2,2,1,1,2,2,0,0,0,2,2,0
595,2017/06/03 8:03:12 午後 GMT+9,新潟県,2,2,0,0,2,2,0,0,0,0,2,0
596,2017/06/03 8:30:00 午後 GMT+9,千葉県,0,0,0,0,0,1,0,0,0,0,0,2
597,2017/06/03 8:49:57 午後 GMT+9,東京都,5,5,5,5,5,5,0,0,0,0,2,0
598,2017/06/03 9:03:56 午後 GMT+9,宮城県,0,0,0,0,2,2,0,0,0,0,0,2
599,2017/06/03 9:04:29 午後 GMT+9,千葉県,0,0,0,0,3,3,0,0,0,0,2,0
600,2017/06/03 9:45:09 午後 GMT+9,滋賀県,0,0,1,1,0,0,0,0,2,0,0,0
601,2017/06/03 9:58:12 午後 GMT+9,長野県,1,1,0,0,1,1,0,2,0,0,2,0
602,2017/06/03 10:06:45 午後 GMT+9,東京都,0,1,0,0,0,1,0,1,0,0,0,1
603,2017/06/03 10:55:20 午後 GMT+9,神奈川県,0,0,0,0,2,2,0,0,0,0,0,2
604,2017/06/03 10:58:48 午後 GMT+9,京都府,0,0,1,0,0,0,0,0,1,0,0,0
605,2017/06/04 1:30:52 午前 GMT+9,山口県,1,0,0,0,0,0,2,0,0,0,0,0
606,2017/06/04 7:08:05 午前 GMT+9,鳥取県,0,2,0,0,0,0,0,2,0,0,0,0
607,2017/06/04 3:26:00 午後 GMT+9,東京都,4,4,1,1,4,4,0,0,0,0,0,2
608,2017/06/04 5:07:01 午後 GMT+9,沖縄県,0,0,5,5,0,0,0,0,0,0,0,0
609,2017/06/04 5:07:29 午後 GMT+9,,0,0,5,5,1,1,0,0,0,0,0,0
610,2017/06/04 6:59:16 午後 GMT+9,愛知県,1,1,0,0,0,0,0,0,0,0,0,0
611,2017/06/05 7:52:06 午後 GMT+9,兵庫県,0,0,1,0,0,0,0,0,2,0,0,0
612,2017/06/29 5:24:41 午後 GMT+9,東京都,0,0,0,0,0,1,0,0,0,0,0,1
613,2017/07/02 5:57:56 午前 GMT+9,神奈川県,8,8,8,8,2,2,0,2,0,0,2,0
614,2017/07/03 1:52:29 午前 GMT+9,大阪府,1,1,15,15,1,1,0,0,1,0,0,0
615,2017/07/03 1:52:38 午前 GMT+9,東京都,1,1,0,0,7,7,0,0,0,0,0,2
616,2017/07/03 1:52:43 午前 GMT+9,滋賀県,2,2,2,2,2,2,0,0,0,0,0,2
617,2017/07/03 1:52:57 午前 GMT+9,海外,5,5,0,0,0,0,0,0,0,0,0,0
618,2017/07/03 1:56:23 午前 GMT+9,京都府,1,1,1,1,1,1,0,0,0,2,2,0
619,2017/07/03 2:01:53 午前 GMT+9,,2,2,2,2,2,2,2,0,0,0,0,0
620,2017/07/03 2:02:11 午前 GMT+9,海外,0,0,0,0,5,4,0,0,0,0,2,0
621,2017/07/03 2:04:10 午前 GMT+9,,2,2,2,2,1,1,0,0,0,0,0,0
622,2017/07/03 2:07:51 午前 GMT+9,,1,1,3,3,1,1,0,0,0,0,0,0
623,2017/07/03 2:09:49 午前 GMT+9,,1,1,3,3,2,2,0,0,0,0,0,0
624,2017/07/03 2:10:57 午前 GMT+9,,1,1,3,3,3,3,0,0,0,0,0,0
625,2017/07/03 2:12:20 午前 GMT+9,,4,4,3,3,2,2,0,0,0,0,2,0
626,2017/07/04 12:40:43 午前 GMT+9,大阪府,0,0,0,2,0,2,0,0,0,0,0,2
627,2017/08/04 8:51:28 午前 GMT+9,,3,3,3,3,0,0,2,0,0,0,0,0
628,2017/08/16 7:59:40 午前 GMT+9,埼玉県,10,10,5,5,2,2,0,2,0,0,2,2
629,2017/10/03 9:12:32 午前 GMT+9,,1,1,1,1,1,1,1,0,0,0,1,0
